{"cameraMode":{"drawMode":0,"name":"Shaded","section":"Shading Mode"},"sceneLighting":true,"audioPlay":false,"sceneViewState":{"m_AlwaysRefresh":false,"showFog":true,"showSkybox":true,"showFlares":true,"showImageEffects":true,"showParticleSystems":true,"showVisualEffectGraphs":true,"m_FxEnabled":true},"in2DMode":false,"pivot":{"x":438.43878173828127,"y":174.81813049316407,"z":610.4141845703125},"rotation":{"x":-0.0182097889482975,"y":0.10389227420091629,"z":-0.00190170097630471,"w":-0.9944249391555786},"size":140.38754272460938,"orthographic":false}